Size,MSE
10,0.110566
20,0.107508
30,0.113185
40,0.113651
50,0.119601
60,0.1171
70,0.116568
80,0.117015
90,0.121235
100,0.122481
